source,phase,n,rho mae,rho mean_rel%,rho p95_rel%,rho max_rel%,H mae,H mean_rel%,H p95_rel%,H max_rel%,S mae,S mean_rel%,S p95_rel%,S max_rel%,V mae,V mean_rel%,V p95_rel%,V max_rel%,Cp mae,Cp mean_rel%,Cp p95_rel%,Cp max_rel%
MELTS1.0.2,alkali-feldspar,2554,0.003350773841856499,0.13218225645083925,0.14702887196530048,0.16195423012635143,0.023615839026279804,0.17702732261691867,0.20492648758908458,0.5662766983778867,0.032143550101063165,1.487628686341449,1.6477780483017352,3.1308734148501047,0.0005831137246588407,0.14794209809395964,0.19107642353195925,4.744292449247691,0.03252015871310749,2.743249505439659,5.273038616679344,7.659926571344306
MELTS1.0.2,apatite,3312,0.11219228166438011,3.534060406488381,3.5340604064883805,3.5340604064883805,0.008023980074846525,0.06595796440730227,0.12013071538472696,0.6853434576450194,0.0014250853048514934,0.0667602786060998,0.22349709194264608,1.7779018118786043,0.011569106140243155,3.6788457722557717,4.6185370636214484,18.643030827652318,0.0013697992637582775,0.12071064455478112,0.43921928719189796,3.266570522033064
MELTS1.0.2,clinopyroxene,10140,5.634481402235145e-05,0.0016862837727438717,0.0036227460237059457,0.007673597400101361,0.00023437900176016737,0.0019069961347350462,0.005970780638065738,0.07142230326644042,7.63541574153954e-05,0.0036353655404217085,0.01322266623053785,0.324246426666732,3.1297248193403555e-05,0.010247396728029837,0.0331750365587645,2.2585783373365507,0.0001253475704982754,0.011112535222442639,0.03805569032032488,0.6682621810162744
MELTS1.0.2,olivine,6308,2.6023270842565533e-05,0.000822063477349211,0.0016807881443029302,0.002183738483216363,3.786446270867882e-05,0.0003052508675843888,0.0007547879535733039,0.034842903847116705,1.1928310462103906e-05,0.00045982765107384707,0.0012285726315597507,0.10217378284642753,9.646407282393809e-06,0.0030395757399343795,0.0071628317984840225,1.2682015220338037,1.0627209349014205e-05,0.0008198447655986166,0.002003437623697801,0.3825517380167553
MELTS1.0.2,orthopyroxene,9547,0.0006892161637922041,0.019923139306169776,0.002184552518677696,2.4565389836659954,0.0043117681764083225,0.03372665679231438,0.029110862881416028,1.0759995294411204,0.00029649944983747026,0.013654772358962671,0.03633178578398182,1.7016009873367464,0.00011363025881356001,0.038442768687615494,0.06860753768931427,11.15547707294427,0.006964091506958849,0.5648725798502264,0.09353552982740079,2533.6732371682524
MELTS1.0.2,plagioclase,12083,0.00031547914960469877,0.012061673243680548,0.029525032535554118,0.0925568289260698,0.004578373820223076,0.033595697064910585,0.08166893079838435,0.291723344663187,0.005476168251301797,0.2344068619435624,0.5278693872970984,1.0060832636320094,6.191163346300563e-05,0.016251661993156176,0.03619579435295645,2.5152467583599774,0.010807668394512164,0.8776497989908505,2.750278364705021,13.800181374315985
MELTS1.0.2,quartz,4478,0.07455239063600957,2.9076280511672614,3.531673958184616,3.695935862518624,0.008073588276027142,0.05813925591665148,0.2185155223804746,0.7172920399798339,0.017019767251871317,0.795946891489828,0.961754155055204,2.4836098703336242,0.010992899782962723,2.818563011234049,3.425881021365477,4.444000317181443,0.014643513938235535,1.1210061907109892,11.028164964349745,14.196213104854738
MELTS1.0.2,rhm-oxide,4146,0.0008717151235838809,0.019201726278258707,0.023150216245208476,0.02396438872252013,0.0016071163852363778,0.020058802145872245,0.03322927298438075,0.30313530802685795,0.0005245053554266836,0.026945614886761983,0.06597622849524253,1.4651966468168636,0.00034603033074113505,0.15622261563242146,0.5020270697039054,10.931447201655116,0.00039863973754996056,0.04140535229020181,0.12719975599432407,1.9083370955171521
MELTS1.0.2,spinel,10753,9.043194370545912e-05,0.00200232929698078,0.007322959572374876,0.011565594319048106,0.00041350221828282053,0.005898729735714614,0.01926286092309226,0.5519355752743652,0.00033077443312958535,0.015035599157108394,0.0522567072336085,2.232031861033729,0.0003188133103153979,0.14037195036445163,0.48147566264582464,24.24081269315769,0.00031923223624355984,0.03150533200720468,0.11111400590871943,4.340357805852478
MELTS1.0.2,tridymite,1433,0.03175680634534037,1.4500426963009394,1.758810603170825,1.8232673166004194,0.03332095750335364,0.23762372379418772,0.2512411771890089,0.27167455000802504,0.01740220854320898,0.7941529744028326,0.8717275729966667,0.9357012318942636,0.00653246201449784,1.4305636159473338,1.7341858727712691,3.4561165456321667,0.00010411513226615983,0.008739622496695082,0.034080528179577976,0.6487584772178246
MELTS1.0.2,whitlockite,4678,0.00011089940585939928,0.0034901465258662247,0.0034901465258662242,0.0034901465258662242,0.004156893823159367,0.03526414294991427,0.17970907461356891,0.7690185726000496,0.002975908400856803,0.12865792928198067,0.6901009910809883,2.2405551315173544,0.002816120741219045,0.897550599761778,4.694809659541027,16.447809281782206,0.002671769943943012,0.23124693552287898,1.1570363308114422,4.107648757058595
MELTS1.2.0,alkali-feldspar,1074,0.0036236136386887177,0.14290031510707107,0.1714439697770369,0.17605454574609697,0.025285489844789493,0.19077509499152273,0.22613004975628148,0.2359290517542583,0.03378440353890402,1.5297803527783675,1.7624396126582869,1.783320832596741,0.0005678155846752985,0.1439798899590265,0.1769825530241508,0.47820607032643075,0.027003925062175884,2.2796679247498446,3.5997133633962903,6.19945296705647
MELTS1.2.0,apatite,3101,0.11219228166438013,3.534060406488381,3.5340604064883805,3.5340604064883805,0.007813582765443397,0.06411149088138068,0.12734657947928404,0.5116849400563068,0.00213328237493305,0.10007665384821271,0.4391813632844751,2.0069863225700124,0.011814245082305308,3.768448505863098,5.276641666518656,20.81996717311383,0.0020557225716655715,0.18118933986019353,0.7716680063428961,3.776093654230671
MELTS1.2.0,clinopyroxene,7796,6.490223991031432e-05,0.0019284674907787294,0.004542033448390029,0.008897565630043977,0.00031729522978842884,0.0025010608375564836,0.007725532554701256,0.05844902362328911,0.00013370413430526337,0.006701164668739664,0.03185902838190911,0.14548131776385648,2.9762834167198366e-05,0.0099153967326133,0.033827234653075106,1.4849992404668166,0.0002913413496619312,0.025939253627283502,0.15670068084336547,0.6588693092674985
MELTS1.2.0,olivine,5281,2.728873179457628e-05,0.0008517677917221019,0.0017308549785389413,0.0025189362562214566,5.621905818310775e-05,0.0004776259838282515,0.0016215516492171253,0.05349128084974835,2.8617067355765978e-05,0.0011612034326606068,0.004307709513166777,0.2838416246109319,2.5089132399513767e-05,0.008346610742092938,0.03373038392835093,3.186635316687801,2.6668653158454578e-05,0.002151156996897162,0.0083152694517174,1.0428073051899636
MELTS1.2.0,orthopyroxene,6750,0.0032466816592521667,0.09231693060686823,0.013696716368746446,2.320217553908826,0.006207005353050737,0.04850317477983877,0.04761332269978014,1.1050478387834222,0.0010279820999184296,0.04888640951998601,0.3210575895328738,1.7644816931916933,0.00034661772018865857,0.11991316617179239,0.5934233034355211,6.711631390187202,0.004729900763531525,0.39789783285980923,0.47615883640576345,2118.5713292204273
MELTS1.2.0,plagioclase,8354,0.00031508307666042044,0.011999686307706382,0.03537621530443702,0.09296707041078256,0.0030702268485707958,0.022496322491913592,0.08112575300211836,0.1116294433593984,0.0035649661231822094,0.15373949867225378,0.5238434639101889,0.660436980936688,6.222940622212141e-05,0.016418151467462786,0.040231724071967796,4.9272291991696,0.0136735974798203,1.11361088193629,4.2584101222289235,13.100152885157682
MELTS1.2.0,quartz,2697,0.07378388111492756,2.8781669617255154,3.508830997592325,3.6337071111685084,0.00799273913408789,0.05740583165325829,0.22123830582150933,0.27549364424014106,0.016658525205137983,0.7859496313881948,0.9402997569123432,1.384702733934541,0.010893136808019828,2.7924380796041506,3.396165445488443,5.531306046402799,0.017719255240680534,1.358601601799213,11.661934197938626,14.322672471170867
MELTS1.2.0,rhm-oxide,3216,0.0008674541618425837,0.019090279407817892,0.0232350428352454,0.02477355125064885,0.001753477816257912,0.02200762637575043,0.039737630941593424,0.6935139765906222,0.0006842262264733705,0.03588686613815394,0.10331736817807895,1.7737962374013865,0.0005082732369123031,0.23105511559666975,0.8378574026750395,12.859340013270707,0.000571732073761297,0.059913452853614574,0.19439416905021342,2.5075342278394834
MELTS1.2.0,spinel,8057,8.680305905907352e-05,0.0019124430634668951,0.005431801008093709,0.010267949748784342,0.0006777123772462624,0.00927677230097945,0.03515974443091152,0.6896916902690925,0.0005907013797086747,0.027244849278706518,0.10816256208806707,2.2003831753899483,0.0005494425499127611,0.2429632677452484,0.9729007816707071,18.55404021359955,0.0005473206243000401,0.054030295475320705,0.2188301159134329,4.684270012083
MELTS1.2.0,tridymite,815,0.028401981640774322,1.2975511376742581,1.6895595482025179,1.7504616324468611,0.035030436781723906,0.24778854931583127,0.26547545693824964,0.31895281759267313,0.016624883537262936,0.7790675792354633,0.870969641806822,0.9683595762592457,0.005832068950461631,1.2766143531652216,1.6613936334595503,1.7237718530752633,0.00011081640067605827,0.009241301475288139,0.029156324289254867,0.6725471500202413
MELTS1.2.0,whitlockite,1605,0.00011089940585939928,0.0034901465258662247,0.0034901465258662242,0.0034901465258662242,0.002055541591392309,0.017291141446762595,0.07524120491913408,0.4169806287496623,0.0016304695817518718,0.07266190418347174,0.3692223886574998,1.2274692700370988,0.0017651383172277051,0.5558455658753725,1.7612110885350738,10.303714472140724,0.0016429416803080523,0.13299235301477935,0.6283352392678978,2.578136776561318
pMELTS,alkali-feldspar,2502,0.004826200052612397,0.1853915408233786,0.23254328499687704,0.24224724217148216,0.020814963098114318,0.1652875039646533,0.22366408949169542,0.4421160558757583,0.041212757310651243,1.9333227749452082,2.271853241201034,2.4865210066960985,0.0008297069983260398,0.21610475239959456,0.37540730083614327,11.10997904567505,0.033184009852582824,2.8450060095165055,4.254777822528332,7.184550681435961
pMELTS,clinopyroxene,20688,0.0003835927069551729,0.011398869048952813,0.0028004064911855988,1.1099504391984494,0.0020099062316522196,0.015242001750305744,0.010163072615855856,1.8333857186903377,0.0002833230652110471,0.014259592538053896,0.016991781639963417,1.4926787847637262,6.264450529265242e-05,0.02078618458410195,0.05192240929618936,4.612635177089177,0.0002720781047533973,0.023422331090940066,0.06657444778686655,1.493202145087232
pMELTS,olivine,9936,2.5900685648073585e-05,0.000804348594198306,0.0016369289063357692,0.0020298703518928708,3.0530861774034926e-05,0.0002484410774060271,0.0005401150017814762,0.007060901402191936,8.865243558565927e-06,0.0003618960579485949,0.000897109715333048,0.02548308019621374,6.555279441437939e-06,0.002101680363602795,0.006722054955960579,0.15762392139587472,0.0003993645656093332,0.033710342007748154,0.002188253269514729,9.526843804086626
pMELTS,orthopyroxene,11018,2.606217031930977e-05,0.0008068372637470821,0.001695849995699914,0.0025181173295604374,0.006411319891265321,0.051307378615123564,0.077855599015363,0.18451628427653266,3.2754005312874454e-05,0.0014448156762471714,0.006912558107676207,0.2652990965014144,2.353200732812885e-05,0.007650213958782577,0.028217611296920988,3.936020176188966,0.00030316732129002515,0.024136647136747173,0.06321013874019007,0.8267069005756836
pMELTS,plagioclase,5630,0.0003095628148465184,0.011694854547292686,0.031469313150318826,0.08360397100444773,0.01722781189285541,0.129041664376963,0.26260690898927963,0.3340228436040182,0.007076976062513149,0.29959216556495044,0.6521725057468865,0.8293197869804521,6.509213691700256e-05,0.017247901567899675,0.041075666243805195,1.6167556004763373,0.009990805525074004,0.8122744896474166,2.5179986686989118,11.276154810800522
pMELTS,quartz,5853,0.03226696574873237,1.2375057213197915,3.8200862076524067,4.139810802941766,0.02525221732360301,0.1886422387254847,0.38802368988425956,0.6194900073863048,0.02832546109069873,1.3570652648299837,1.9120126614420812,1.9730067077003453,0.004615767103360383,1.2033611830996387,3.682927976560578,4.849018171260769,0.04585637826479346,3.551846826820589,11.879598081058136,14.101559510074102
pMELTS,rhm-oxide,299,0.039150502562635026,0.8088070548960078,0.8506589437508785,0.8688411921500827,0.021194576663435372,0.3962193873029184,0.4244971877908559,0.42634994753461525,0.001958152091225318,0.10107472649181694,0.16848096722035927,0.23561033127616143,0.0016789797717564,0.8122338173530163,1.1116141110578424,1.952936093091958,0.0046265556617835785,0.5157678330426799,0.781965549788622,0.8845332179823118
pMELTS,spinel,11478,5.770946982670715e-05,0.0013175771836432028,0.0030371932799097717,0.004165346915672718,0.0003927727450387177,0.005153572407394941,0.015498243958096897,0.7822457796744842,0.0003230725418574118,0.01406544843456818,0.04488039479246393,1.8000468226245323,0.0003082783339504137,0.1310130188412882,0.4335761436234157,16.435419199615943,0.0003151144734411797,0.029808510689022592,0.09688014806646938,4.344239550692086
